Object ID,Entry Time (EST),Exit Time (EST),Time Taken (s),Speed (m/s),Speed (mph)
326,2025-06-09 09:15:21,2025-06-09 09:15:25,3.78,5.65,12.64
12,2025-06-09 09:19:41,2025-06-09 09:19:43,1.62,13.22,29.56
18,2025-06-09 09:19:44,2025-06-09 09:19:46,1.63,13.13,29.37
40,2025-06-09 09:19:46,2025-06-09 09:19:48,1.69,12.68,28.36
55,2025-06-09 09:19:48,2025-06-09 09:19:51,2.09,10.22,22.87
68,2025-06-09 09:19:52,2025-06-09 09:19:54,2.16,9.89,22.12
6,2025-06-09 09:22:34,2025-06-09 09:22:36,2.7,7.91,17.69
59,2025-06-09 09:22:47,2025-06-09 09:22:48,1.01,21.13,47.27
78,2025-06-09 09:22:50,2025-06-09 09:22:51,1.01,21.13,47.26
19,2025-06-09 16:34:11,2025-06-09 16:34:14,2.85,6.15,13.76
669,2025-06-09 16:34:14,2025-06-09 16:34:17,2.5,7.01,15.69
450,2025-06-09 16:34:14,2025-06-09 16:34:17,2.36,7.4,16.56
680,2025-06-09 16:34:17,2025-06-09 16:34:19,2.03,8.63,19.31
706,2025-06-09 16:34:18,2025-06-09 16:34:20,1.96,8.94,20.0
440,2025-06-09 16:34:19,2025-06-09 16:34:22,2.91,6.01,13.44
848,2025-06-09 16:34:36,2025-06-09 16:34:37,1.01,17.27,38.64
1035,2025-06-09 16:35:13,2025-06-09 16:35:15,1.47,11.89,26.59
1064,2025-06-09 16:35:16,2025-06-09 16:35:18,1.21,14.41,32.24
1010,2025-06-09 16:35:09,2025-06-09 16:35:19,10.12,1.73,3.87
127,2025-06-09 16:36:56,2025-06-09 16:36:59,2.9,6.2,13.87
266,2025-06-09 16:37:08,2025-06-09 16:37:11,2.41,7.45,16.67
41,2025-06-09 16:36:49,2025-06-09 16:37:17,27.93,0.64,1.44
70,2025-06-09 16:40:18,2025-06-09 16:40:21,2.56,7.01,15.69
113,2025-06-09 16:40:21,2025-06-09 16:40:23,2.36,7.61,17.03
203,2025-06-09 16:40:25,2025-06-09 16:40:26,1.76,10.24,22.91
226,2025-06-09 16:40:27,2025-06-09 16:40:30,2.17,8.28,18.52
236,2025-06-09 16:40:30,2025-06-09 16:40:31,1.55,11.59,25.92
277,2025-06-09 16:40:41,2025-06-09 16:40:42,1.01,17.89,40.01
429,2025-06-09 16:41:06,2025-06-09 16:41:07,1.42,12.68,28.37
7,2025-06-09 16:50:33,2025-06-09 16:50:34,1.62,11.12,24.88
19,2025-06-09 16:50:36,2025-06-09 16:50:37,1.28,14.03,31.38
33,2025-06-09 16:50:39,2025-06-09 16:50:41,1.71,10.54,23.58
51,2025-06-09 16:50:41,2025-06-09 16:50:43,1.56,11.56,25.86
85,2025-06-09 16:50:43,2025-06-09 16:50:44,1.35,13.35,29.86
115,2025-06-09 16:50:45,2025-06-09 16:50:47,2.02,8.88,19.87
209,2025-06-09 16:50:53,2025-06-09 16:50:55,1.08,16.68,37.3
232,2025-06-09 16:50:56,2025-06-09 16:50:58,1.49,12.06,26.98
247,2025-06-09 16:50:59,2025-06-09 16:51:00,1.35,13.36,29.88
283,2025-06-09 16:51:01,2025-06-09 16:51:03,1.26,14.25,31.88
309,2025-06-09 16:51:04,2025-06-09 16:51:04,0.94,19.07,42.67
335,2025-06-09 16:51:06,2025-06-09 16:51:07,0.94,19.03,42.57
345,2025-06-09 16:51:08,2025-06-09 16:51:09,0.94,19.09,42.7
350,2025-06-09 16:51:10,2025-06-09 16:51:11,1.01,17.82,39.87
360,2025-06-09 16:51:13,2025-06-09 16:51:13,0.88,20.49,45.84
399,2025-06-09 16:51:17,2025-06-09 16:51:17,0.88,20.46,45.77
404,2025-06-09 16:51:18,2025-06-09 16:51:19,1.2,15.03,33.61
532,2025-06-09 16:54:35,2025-06-09 16:54:36,1.55,11.6,25.94
550,2025-06-09 16:54:37,2025-06-09 16:54:39,1.55,11.58,25.91
578,2025-06-09 16:54:40,2025-06-09 16:54:41,1.56,11.56,25.86
663,2025-06-09 16:54:48,2025-06-09 16:54:48,0.95,19.0,42.5
675,2025-06-09 16:54:49,2025-06-09 16:54:50,0.81,22.23,49.73
795,2025-06-09 16:55:06,2025-06-09 16:55:07,1.08,16.62,37.17
883,2025-06-09 16:55:19,2025-06-09 16:55:20,0.88,20.33,45.48
319,2025-06-09 16:54:16,2025-06-09 16:55:44,87.27,0.21,0.46
1009,2025-06-09 16:55:42,2025-06-09 16:55:46,4.2,4.28,9.57
1017,2025-06-09 16:55:43,2025-06-09 16:55:48,4.45,4.04,9.04
1101,2025-06-09 16:55:52,2025-06-09 16:55:54,1.62,11.1,24.82
1348,2025-06-09 16:56:28,2025-06-09 16:56:29,1.29,13.99,31.3
1351,2025-06-09 16:56:31,2025-06-09 16:56:33,1.35,13.28,29.7
1355,2025-06-09 16:56:34,2025-06-09 16:56:35,1.28,14.02,31.36
1400,2025-06-09 16:56:43,2025-06-09 16:56:45,1.41,12.77,28.56
1431,2025-06-09 16:56:48,2025-06-09 16:56:49,1.1,16.32,36.5
1606,2025-06-09 16:57:24,2025-06-09 16:57:27,3.35,5.37,12.02
1846,2025-06-09 16:57:49,2025-06-09 16:57:51,2.03,8.87,19.85
2019,2025-06-09 16:58:11,2025-06-09 16:58:13,1.83,9.84,22.02
2305,2025-06-09 16:58:35,2025-06-09 16:58:38,2.23,8.08,18.07
2341,2025-06-09 16:58:41,2025-06-09 16:58:42,1.48,12.18,27.24
2350,2025-06-09 16:58:43,2025-06-09 16:58:45,1.48,12.17,27.23
2368,2025-06-09 16:58:45,2025-06-09 16:58:47,1.81,9.91,22.17
2374,2025-06-09 16:58:48,2025-06-09 16:58:50,1.67,10.76,24.07
2408,2025-06-09 16:58:56,2025-06-09 16:58:57,0.95,19.02,42.54
2422,2025-06-09 16:58:58,2025-06-09 16:58:59,1.01,17.83,39.88
2425,2025-06-09 16:58:58,2025-06-09 16:59:00,1.96,9.16,20.49
2451,2025-06-09 16:59:02,2025-06-09 16:59:03,1.22,14.76,33.01
2458,2025-06-09 16:59:05,2025-06-09 16:59:06,1.15,15.67,35.06
2466,2025-06-09 16:59:07,2025-06-09 16:59:08,1.01,17.85,39.93
2469,2025-06-09 16:59:09,2025-06-09 16:59:10,1.01,17.77,39.74
2475,2025-06-09 16:59:11,2025-06-09 16:59:12,1.08,16.61,37.14
2496,2025-06-09 16:59:15,2025-06-09 16:59:16,1.08,16.68,37.32
2529,2025-06-09 16:59:16,2025-06-09 16:59:17,1.08,16.68,37.31
2589,2025-06-09 16:59:25,2025-06-09 16:59:27,1.88,9.55,21.36
2640,2025-06-09 16:59:30,2025-06-09 16:59:33,3.41,5.28,11.81
16,2025-06-09 17:04:13,2025-06-09 17:04:14,1.49,12.07,27.0
59,2025-06-09 17:04:16,2025-06-09 17:04:17,1.35,13.33,29.81
234,2025-06-09 17:04:29,2025-06-09 17:04:30,0.94,19.12,42.78
295,2025-06-09 17:04:33,2025-06-09 17:04:35,1.55,11.58,25.9
453,2025-06-09 17:04:48,2025-06-09 17:04:49,1.16,15.49,34.64
463,2025-06-09 17:04:50,2025-06-09 17:04:51,1.14,15.7,35.13
472,2025-06-09 17:04:51,2025-06-09 17:04:52,1.15,15.66,35.03
475,2025-06-09 17:04:53,2025-06-09 17:04:54,1.15,15.66,35.03
488,2025-06-09 17:04:56,2025-06-09 17:04:57,1.08,16.72,37.4
492,2025-06-09 17:04:59,2025-06-09 17:05:00,1.46,12.33,27.58
507,2025-06-09 17:05:02,2025-06-09 17:05:03,1.08,16.62,37.17
561,2025-06-09 17:05:09,2025-06-09 17:05:09,0.74,24.29,54.33
595,2025-06-09 17:05:19,2025-06-09 17:05:20,1.08,16.6,37.14
597,2025-06-09 17:05:20,2025-06-09 17:05:22,1.85,9.74,21.8
1281,2025-06-09 17:06:40,2025-06-09 17:06:41,1.22,14.69,32.85
1303,2025-06-09 17:06:42,2025-06-09 17:06:43,0.94,19.05,42.62
1330,2025-06-09 17:06:46,2025-06-09 17:06:47,0.95,18.96,42.42
1245,2025-06-09 17:06:35,2025-06-09 17:06:47,11.85,1.52,3.39
1374,2025-06-09 17:06:49,2025-06-09 17:06:50,0.54,33.3,74.5
1561,2025-06-09 17:07:10,2025-06-09 17:07:11,1.18,15.22,34.04
145,2025-06-11 10:41:28,2025-06-11 10:41:32,4.43,4.06,9.08
429,2025-06-11 10:41:50,2025-06-11 10:41:51,1.28,14.06,31.45
505,2025-06-11 10:42:01,2025-06-11 10:42:04,2.66,6.75,15.11
516,2025-06-11 10:42:04,2025-06-11 10:42:06,2.29,7.85,17.57
552,2025-06-11 10:42:08,2025-06-11 10:42:09,1.21,14.84,33.2
542,2025-06-11 10:42:07,2025-06-11 10:42:09,2.03,8.87,19.84
559,2025-06-11 10:42:10,2025-06-11 10:42:13,3.31,5.43,12.15
664,2025-06-11 10:42:30,2025-06-11 10:42:31,1.15,15.65,35.02
824,2025-06-11 10:43:07,2025-06-11 10:43:12,5.3,3.39,7.59
866,2025-06-11 10:43:19,2025-06-11 10:43:21,2.36,7.61,17.02
878,2025-06-11 10:43:22,2025-06-11 10:43:25,3.16,5.69,12.74
987,2025-06-11 10:43:46,2025-06-11 10:43:48,1.68,10.68,23.89
1006,2025-06-11 10:43:49,2025-06-11 10:43:50,1.21,14.85,33.22
1018,2025-06-11 10:43:51,2025-06-11 10:43:53,1.91,9.42,21.08
1038,2025-06-11 10:43:55,2025-06-11 10:43:56,1.74,10.34,23.12
1293,2025-06-11 10:44:51,2025-06-11 10:44:52,1.28,14.05,31.42
1299,2025-06-11 10:44:52,2025-06-11 10:44:53,0.68,26.63,59.58
1371,2025-06-11 10:45:11,2025-06-11 10:45:17,5.59,3.22,7.2
1374,2025-06-11 10:45:15,2025-06-11 10:45:19,4.22,4.26,9.54
1396,2025-06-11 10:45:17,2025-06-11 10:45:21,3.74,4.81,10.77
1437,2025-06-11 10:45:23,2025-06-11 10:45:26,2.9,6.21,13.89
1585,2025-06-11 10:45:34,2025-06-11 10:45:37,3.14,5.73,12.82
1611,2025-06-11 10:45:44,2025-06-11 10:45:45,1.62,11.08,24.79
1624,2025-06-11 10:45:46,2025-06-11 10:45:47,1.76,10.23,22.88
1642,2025-06-11 10:45:48,2025-06-11 10:45:50,2.18,8.26,18.47
1663,2025-06-11 10:45:56,2025-06-11 10:45:57,0.81,22.21,49.67
1719,2025-06-11 10:46:03,2025-06-11 10:46:04,1.07,16.75,37.46
1753,2025-06-11 10:46:09,2025-06-11 10:46:10,0.94,19.05,42.62
1764,2025-06-11 10:46:11,2025-06-11 10:46:12,1.08,16.69,37.33
1775,2025-06-11 10:46:15,2025-06-11 10:46:16,1.15,15.69,35.1
1958,2025-06-11 10:46:48,2025-06-11 10:46:49,0.95,18.99,42.47
1975,2025-06-11 10:46:53,2025-06-11 10:46:54,0.61,29.56,66.11
2285,2025-06-11 10:47:46,2025-06-11 10:47:48,2.23,8.07,18.05
2295,2025-06-11 10:47:48,2025-06-11 10:47:53,4.71,3.81,8.53
2438,2025-06-11 10:48:13,2025-06-11 10:48:14,1.42,12.65,28.3
2787,2025-06-11 10:49:20,2025-06-11 10:49:23,3.1,5.8,12.97
2943,2025-06-11 10:49:49,2025-06-11 10:49:51,2.36,7.62,17.04
84,2025-06-16 07:39:04,2025-06-16 07:39:06,1.75,10.25,22.93
173,2025-06-16 07:39:22,2025-06-16 07:39:23,0.68,26.54,59.37
339,2025-06-16 07:39:47,2025-06-16 07:39:59,12.23,1.47,3.29
614,2025-06-16 07:40:21,2025-06-16 07:40:23,1.21,14.83,33.17
639,2025-06-16 07:40:24,2025-06-16 07:40:25,1.01,17.77,39.75
790,2025-06-16 07:40:45,2025-06-16 07:40:46,1.82,9.88,22.1
816,2025-06-16 07:40:47,2025-06-16 07:40:49,1.75,10.25,22.93
830,2025-06-16 07:40:49,2025-06-16 07:40:51,1.48,12.13,27.14
867,2025-06-16 07:40:53,2025-06-16 07:40:55,2.36,7.61,17.03
873,2025-06-16 07:40:56,2025-06-16 07:40:57,0.88,20.5,45.85
942,2025-06-16 07:41:01,2025-06-16 07:41:02,0.68,26.43,59.13
1083,2025-06-16 07:41:21,2025-06-16 07:41:26,4.4,4.08,9.13
1275,2025-06-16 07:42:23,2025-06-16 07:42:25,2.57,7.01,15.68
1319,2025-06-16 07:42:29,2025-06-16 07:42:30,1.66,10.85,24.28
1346,2025-06-16 07:42:31,2025-06-16 07:42:32,0.81,22.08,49.4
1411,2025-06-16 07:42:37,2025-06-16 07:42:37,0.88,20.53,45.92
1453,2025-06-16 07:42:39,2025-06-16 07:42:40,0.75,24.1,53.91
1460,2025-06-16 07:42:43,2025-06-16 07:42:43,0.87,20.77,46.47
1949,2025-06-16 07:44:22,2025-06-16 07:44:23,1.08,16.66,37.27
2289,2025-06-16 07:44:58,2025-06-16 07:45:00,2.07,8.67,19.39
2595,2025-06-16 07:45:41,2025-06-16 07:45:42,1.79,10.07,22.53
2640,2025-06-16 07:45:45,2025-06-16 07:45:46,0.95,18.93,42.35
2659,2025-06-16 07:45:46,2025-06-16 07:45:47,0.88,20.4,45.64
2719,2025-06-16 07:45:50,2025-06-16 07:45:51,1.76,10.23,22.88
2748,2025-06-16 07:45:53,2025-06-16 07:45:55,2.38,7.55,16.88
2936,2025-06-16 07:46:09,2025-06-16 07:46:10,1.82,9.88,22.09
3020,2025-06-16 07:46:13,2025-06-16 07:46:17,4.59,3.91,8.76
3102,2025-06-16 07:46:18,2025-06-16 07:46:21,3.31,5.42,12.13
3273,2025-06-16 07:46:29,2025-06-16 07:46:31,1.83,9.81,21.94
31,2025-07-21 11:43:17,2025-07-21 11:43:42,25.23,0.71,1.59
102,2025-07-21 11:43:41,2025-07-21 11:43:44,2.97,6.05,13.53
108,2025-11-05 06:46:18,2025-11-05 06:46:20,1.43,12.59,28.16
137,2025-11-05 06:46:22,2025-11-05 06:46:23,1.34,13.38,29.92
179,2025-11-05 06:46:27,2025-11-05 06:46:28,1.01,17.75,39.7
189,2025-11-05 06:46:29,2025-11-05 06:46:30,0.74,24.28,54.3
88,2025-11-05 06:46:13,2025-11-05 06:46:31,18.76,0.96,2.14
418,2025-11-05 06:47:04,2025-11-05 06:47:07,2.96,6.07,13.59
701,2025-11-05 06:47:47,2025-11-05 06:47:48,1.15,15.68,35.08
710,2025-11-05 06:47:51,2025-11-05 06:47:53,1.55,11.58,25.91
753,2025-11-05 06:47:54,2025-11-05 06:47:55,1.19,15.08,33.73
772,2025-11-05 06:47:55,2025-11-05 06:47:56,1.15,15.69,35.1
781,2025-11-05 06:47:57,2025-11-05 06:47:58,1.16,15.47,34.61
952,2025-11-05 06:48:18,2025-11-05 06:48:19,0.81,22.22,49.71
1081,2025-11-05 06:48:42,2025-11-05 06:48:44,2.23,8.08,18.07
313,2025-11-05 07:22:20,2025-11-05 07:22:21,1.68,10.7,23.94
345,2025-11-05 07:22:25,2025-11-05 07:22:26,1.15,15.65,35.01
357,2025-11-05 07:22:28,2025-11-05 07:22:29,1.25,14.39,32.2
361,2025-11-05 07:22:31,2025-11-05 07:22:32,1.21,14.82,33.14
362,2025-11-05 07:22:34,2025-11-05 07:22:35,1.15,15.66,35.04
519,2025-11-05 07:22:52,2025-11-05 07:22:54,1.82,9.9,22.14
787,2025-11-05 07:23:14,2025-11-05 07:23:16,2.44,7.36,16.47
1017,2025-11-05 07:23:59,2025-11-05 07:24:00,1.55,11.58,25.91
1039,2025-11-05 07:24:01,2025-11-05 07:24:02,1.28,14.04,31.41
1064,2025-11-05 07:24:04,2025-11-05 07:24:05,1.21,14.85,33.21
1078,2025-11-05 07:24:06,2025-11-05 07:24:07,1.38,13.01,29.1
1129,2025-11-05 07:24:16,2025-11-05 07:24:17,0.88,20.45,45.75
1144,2025-11-05 07:24:20,2025-11-05 07:24:20,0.81,22.16,49.57
1150,2025-11-05 07:24:21,2025-11-05 07:24:22,0.88,20.47,45.79
1194,2025-11-05 07:24:26,2025-11-05 07:24:26,0.67,26.65,59.61
1803,2025-11-05 07:25:26,2025-11-05 07:25:29,2.9,6.19,13.85
1904,2025-11-05 07:25:39,2025-11-05 07:25:41,1.55,11.58,25.9
292,2025-11-05 17:36:34,2025-11-05 17:36:35,1.08,16.63,37.2
343,2025-11-05 17:36:39,2025-11-05 17:36:40,0.81,22.22,49.7
377,2025-11-05 17:36:41,2025-11-05 17:36:43,1.08,16.61,37.16
139,2025-11-06 19:49:53,2025-11-06 19:49:54,0.81,22.25,49.78
148,2025-11-06 19:49:56,2025-11-06 19:49:59,3.11,5.78,12.92
301,2025-11-06 19:51:22,2025-11-06 19:51:23,1.38,12.98,29.05
342,2025-11-06 19:51:56,2025-11-06 19:52:00,3.11,5.77,12.92
513,2025-11-06 19:52:51,2025-11-06 19:52:58,6.52,2.76,6.17
11,2025-11-08 22:34:47,2025-11-08 22:34:48,1.15,15.64,34.98
542,2025-11-08 22:40:54,2025-11-08 22:40:55,0.88,20.48,45.8
630,2025-11-08 22:42:27,2025-11-08 22:42:31,3.28,5.49,12.28
9,2025-11-09 11:36:44,2025-11-09 11:36:46,1.43,12.61,28.2
55,2025-11-09 11:36:47,2025-11-09 11:36:48,0.94,19.03,42.56
90,2025-11-09 11:36:49,2025-11-09 11:36:50,1.01,17.76,39.74
113,2025-11-09 11:36:52,2025-11-09 11:36:53,1.01,17.73,39.65
293,2025-11-09 11:37:12,2025-11-09 11:37:16,4.07,4.42,9.88
1198,2025-11-09 11:38:17,2025-11-09 11:38:18,1.14,15.72,35.16
1230,2025-11-09 11:38:20,2025-11-09 11:38:21,1.33,13.57,30.35
1260,2025-11-09 11:38:23,2025-11-09 11:38:24,1.01,17.73,39.66
1267,2025-11-09 11:38:25,2025-11-09 11:38:26,1.01,17.82,39.87
1333,2025-11-09 11:38:31,2025-11-09 11:38:32,0.67,26.75,59.84
1349,2025-11-09 11:38:33,2025-11-09 11:38:34,0.48,37.68,84.29
1375,2025-11-09 11:38:35,2025-11-09 11:38:36,0.88,20.49,45.83
1409,2025-11-09 11:38:39,2025-11-09 11:38:40,1.01,17.78,39.77
1584,2025-11-09 11:38:50,2025-11-09 11:38:51,1.28,14.01,31.35
1609,2025-11-09 11:38:52,2025-11-09 11:38:54,1.28,14.03,31.38
1850,2025-11-09 11:39:06,2025-11-09 11:39:08,2.09,8.6,19.23
2660,2025-11-09 11:40:12,2025-11-09 11:40:14,1.56,11.56,25.85
2683,2025-11-09 11:40:14,2025-11-09 11:40:16,1.93,9.3,20.81
2707,2025-11-09 11:40:16,2025-11-09 11:40:18,1.62,11.09,24.82
2740,2025-11-09 11:40:18,2025-11-09 11:40:20,1.63,11.04,24.7
2845,2025-11-09 11:40:24,2025-11-09 11:40:25,1.09,16.57,37.06
2863,2025-11-09 11:40:26,2025-11-09 11:40:27,1.35,13.32,29.79
2883,2025-11-09 11:40:28,2025-11-09 11:40:29,1.28,14.03,31.38
2897,2025-11-09 11:40:30,2025-11-09 11:40:31,1.35,13.32,29.8
2929,2025-11-09 11:40:32,2025-11-09 11:40:33,0.74,24.23,54.21
2928,2025-11-09 11:40:32,2025-11-09 11:40:33,1.08,16.63,37.19
2970,2025-11-09 11:40:34,2025-11-09 11:40:35,1.14,15.71,35.14
3017,2025-11-09 11:40:36,2025-11-09 11:40:37,0.97,18.58,41.55
3066,2025-11-09 11:40:40,2025-11-09 11:40:41,0.82,22.04,49.31
3105,2025-11-09 11:40:43,2025-11-09 11:40:44,0.74,24.18,54.08
3504,2025-11-09 11:41:15,2025-11-09 11:41:16,1.29,13.97,31.25
4284,2025-11-09 11:42:15,2025-11-09 11:42:16,1.22,14.76,33.02
4292,2025-11-09 11:42:17,2025-11-09 11:42:18,1.42,12.66,28.32
4335,2025-11-09 11:42:22,2025-11-09 11:42:23,1.08,16.67,37.3
4346,2025-11-09 11:42:24,2025-11-09 11:42:25,1.14,15.72,35.16
4358,2025-11-09 11:42:27,2025-11-09 11:42:28,1.15,15.68,35.07
4372,2025-11-09 11:42:28,2025-11-09 11:42:29,1.35,13.3,29.74
4601,2025-11-09 11:42:44,2025-11-09 11:42:45,0.89,20.19,45.16
4671,2025-11-09 11:42:51,2025-11-09 11:42:52,0.81,22.13,49.5
6028,2025-11-09 11:44:16,2025-11-09 11:44:17,1.62,11.08,24.78
6112,2025-11-09 11:44:19,2025-11-09 11:44:20,1.66,10.84,24.24
6149,2025-11-09 11:44:21,2025-11-09 11:44:23,1.62,11.08,24.79
6169,2025-11-09 11:44:23,2025-11-09 11:44:24,1.76,10.23,22.87
6204,2025-11-09 11:44:25,2025-11-09 11:44:26,1.49,12.08,27.02
6235,2025-11-09 11:44:26,2025-11-09 11:44:27,1.35,13.33,29.81
6272,2025-11-09 11:44:28,2025-11-09 11:44:29,1.5,12.01,26.87
6202,2025-11-09 11:44:25,2025-11-09 11:44:30,5.42,3.32,7.42
6319,2025-11-09 11:44:31,2025-11-09 11:44:38,7.03,2.56,5.72
7346,2025-11-09 11:46:16,2025-11-09 11:46:17,1.42,12.63,28.26
7394,2025-11-09 11:46:19,2025-11-09 11:46:20,1.46,12.35,27.63
7411,2025-11-09 11:46:21,2025-11-09 11:46:22,1.35,13.3,29.75
7546,2025-11-09 11:46:34,2025-11-09 11:46:35,0.74,24.34,54.46
7553,2025-11-09 11:46:36,2025-11-09 11:46:37,1.06,17.0,38.03
7579,2025-11-09 11:46:40,2025-11-09 11:46:40,0.88,20.49,45.85
7591,2025-11-09 11:46:41,2025-11-09 11:46:42,0.81,22.18,49.62
7965,2025-11-09 11:47:14,2025-11-09 11:47:15,1.62,11.11,24.86
7997,2025-11-09 11:47:16,2025-11-09 11:47:19,3.11,5.78,12.94
8107,2025-11-09 11:47:24,2025-11-09 11:47:26,2.1,8.55,19.12
8129,2025-11-09 11:47:26,2025-11-09 11:47:29,2.36,7.62,17.04
8252,2025-11-09 11:47:37,2025-11-09 11:47:39,2.23,8.06,18.04
8310,2025-11-09 11:47:43,2025-11-09 11:47:52,9.23,1.95,4.36
8827,2025-11-09 11:48:17,2025-11-09 11:48:18,1.08,16.62,37.17
8864,2025-11-09 11:48:19,2025-11-09 11:48:21,1.68,10.7,23.93
8903,2025-11-09 11:48:21,2025-11-09 11:48:23,1.55,11.61,25.97
8972,2025-11-09 11:48:25,2025-11-09 11:48:27,1.62,11.11,24.85
9018,2025-11-09 11:48:27,2025-11-09 11:48:28,1.68,10.68,23.89
9084,2025-11-09 11:48:28,2025-11-09 11:48:30,1.62,11.1,24.83
9136,2025-11-09 11:48:30,2025-11-09 11:48:32,1.62,11.09,24.81
9169,2025-11-09 11:48:34,2025-11-09 11:48:35,1.08,16.61,37.15
9183,2025-11-09 11:48:36,2025-11-09 11:48:37,1.1,16.36,36.59
9771,2025-11-09 11:49:14,2025-11-09 11:49:17,3.17,5.67,12.68
9841,2025-11-09 11:49:21,2025-11-09 11:49:24,2.91,6.18,13.83
9897,2025-11-09 11:49:26,2025-11-09 11:49:29,2.84,6.32,14.15
10601,2025-11-09 11:50:13,2025-11-09 11:50:14,1.76,10.23,22.88
10632,2025-11-09 11:50:15,2025-11-09 11:50:17,1.64,10.94,24.47
10645,2025-11-09 11:50:17,2025-11-09 11:50:18,1.35,13.31,29.77
10680,2025-11-09 11:50:19,2025-11-09 11:50:20,1.28,14.0,31.32
10697,2025-11-09 11:50:20,2025-11-09 11:50:22,1.42,12.64,28.28
10741,2025-11-09 11:50:27,2025-11-09 11:50:28,1.02,17.67,39.53
10798,2025-11-09 11:50:30,2025-11-09 11:50:31,0.95,18.94,42.38
10880,2025-11-09 11:50:36,2025-11-09 11:50:37,1.28,14.06,31.46
11075,2025-11-09 11:50:48,2025-11-09 11:50:50,2.23,8.08,18.06
11111,2025-11-09 11:50:50,2025-11-09 11:50:51,1.01,17.79,39.79
11344,2025-11-09 11:51:13,2025-11-09 11:51:17,4.19,4.29,9.6
11473,2025-11-09 11:51:24,2025-11-09 11:51:26,2.49,7.22,16.16
11572,2025-11-09 11:51:37,2025-11-09 11:51:39,1.87,9.6,21.48
12190,2025-11-09 11:52:15,2025-11-09 11:52:16,1.75,10.25,22.93
12201,2025-11-09 11:52:16,2025-11-09 11:52:18,1.77,10.14,22.69
12230,2025-11-09 11:52:18,2025-11-09 11:52:20,1.42,12.68,28.36
12566,2025-11-09 11:52:45,2025-11-09 11:52:46,0.88,20.4,45.64
12577,2025-11-09 11:52:47,2025-11-09 11:52:48,0.88,20.42,45.67
12739,2025-11-09 11:53:04,2025-11-09 11:53:07,2.63,6.84,15.29
12800,2025-11-09 11:53:08,2025-11-09 11:53:11,3.39,5.3,11.85
13708,2025-11-09 11:54:09,2025-11-09 11:54:10,1.28,14.02,31.36
13747,2025-11-09 11:54:11,2025-11-09 11:54:13,1.41,12.71,28.43
13759,2025-11-09 11:54:14,2025-11-09 11:54:15,1.15,15.63,34.96
13797,2025-11-09 11:54:16,2025-11-09 11:54:17,1.22,14.78,33.06
13812,2025-11-09 11:54:19,2025-11-09 11:54:20,1.08,16.65,37.24
13826,2025-11-09 11:54:21,2025-11-09 11:54:22,1.22,14.78,33.07
13861,2025-11-09 11:54:24,2025-11-09 11:54:25,1.01,17.73,39.67
13909,2025-11-09 11:54:28,2025-11-09 11:54:29,0.81,22.28,49.83
13920,2025-11-09 11:54:30,2025-11-09 11:54:31,1.11,16.23,36.3
14117,2025-11-09 11:54:48,2025-11-09 11:54:49,1.01,17.86,39.96
578,2025-11-09 15:56:05,2025-11-09 15:56:06,1.48,12.13,27.13
603,2025-11-09 15:56:07,2025-11-09 15:56:08,1.08,16.63,37.21
622,2025-11-09 15:56:09,2025-11-09 15:56:10,1.28,14.07,31.47
673,2025-11-09 15:56:12,2025-11-09 15:56:13,1.3,13.81,30.89
698,2025-11-09 15:56:16,2025-11-09 15:56:17,1.22,14.77,33.04
708,2025-11-09 15:56:17,2025-11-09 15:56:18,1.46,12.33,27.59
736,2025-11-09 15:56:19,2025-11-09 15:56:21,1.08,16.61,37.17
750,2025-11-09 15:56:22,2025-11-09 15:56:23,1.01,17.82,39.87
753,2025-11-09 15:56:23,2025-11-09 15:56:24,1.15,15.69,35.11
792,2025-11-09 15:56:25,2025-11-09 15:56:27,1.35,13.35,29.87
853,2025-11-09 15:56:30,2025-11-09 15:56:31,1.08,16.69,37.32
1073,2025-11-09 15:56:44,2025-11-09 15:56:45,0.67,26.68,59.69
1251,2025-11-09 15:56:54,2025-11-09 15:56:55,0.61,29.65,66.33
1773,2025-11-09 15:57:37,2025-11-09 15:57:39,1.69,10.65,23.83
2267,2025-11-09 15:58:15,2025-11-09 15:58:16,1.21,14.82,33.15
2281,2025-11-09 15:58:17,2025-11-09 15:58:18,1.08,16.64,37.21
2326,2025-11-09 15:58:19,2025-11-09 15:58:21,1.22,14.76,33.02
2355,2025-11-09 15:58:21,2025-11-09 15:58:22,1.15,15.68,35.08
2436,2025-11-09 15:58:25,2025-11-09 15:58:26,1.21,14.8,33.12
2452,2025-11-09 15:58:27,2025-11-09 15:58:28,1.2,14.96,33.47
2463,2025-11-09 15:58:29,2025-11-09 15:58:30,1.15,15.7,35.11
2485,2025-11-09 15:58:32,2025-11-09 15:58:33,1.22,14.79,33.09
2514,2025-11-09 15:58:34,2025-11-09 15:58:35,1.15,15.66,35.03
2539,2025-11-09 15:58:36,2025-11-09 15:58:38,1.08,16.67,37.3
2674,2025-11-09 15:58:43,2025-11-09 15:58:45,1.23,14.58,32.61
2744,2025-11-09 15:58:47,2025-11-09 15:58:48,0.74,24.19,54.12
2767,2025-11-09 15:58:51,2025-11-09 15:58:51,0.61,29.58,66.16
3021,2025-11-09 15:59:09,2025-11-09 15:59:12,2.23,8.07,18.06
3901,2025-11-09 16:00:13,2025-11-09 16:00:14,1.42,12.67,28.35
3932,2025-11-09 16:00:15,2025-11-09 16:00:17,1.69,10.66,23.84
3966,2025-11-09 16:00:18,2025-11-09 16:00:19,1.01,17.75,39.71
4097,2025-11-09 16:00:26,2025-11-09 16:00:27,0.94,19.04,42.59
4129,2025-11-09 16:00:29,2025-11-09 16:00:30,0.88,20.51,45.89
4143,2025-11-09 16:00:31,2025-11-09 16:00:32,1.08,16.66,37.28
4158,2025-11-09 16:00:33,2025-11-09 16:00:35,1.57,11.49,25.69
4394,2025-11-09 16:00:53,2025-11-09 16:00:53,0.88,20.48,45.82
4415,2025-11-09 16:00:54,2025-11-09 16:00:55,0.68,26.38,59.01
5757,2025-11-09 16:02:24,2025-11-09 16:02:27,2.43,7.39,16.54
5806,2025-11-09 16:02:30,2025-11-09 16:02:32,1.89,9.51,21.27
5826,2025-11-09 16:02:33,2025-11-09 16:02:34,1.62,11.07,24.77
5848,2025-11-09 16:02:34,2025-11-09 16:02:36,1.96,9.17,20.51
5961,2025-11-09 16:02:38,2025-11-09 16:02:39,1.08,16.61,37.15
6019,2025-11-09 16:02:41,2025-11-09 16:02:43,1.32,13.65,30.53
7414,2025-11-09 16:04:23,2025-11-09 16:04:25,1.87,9.59,21.45
7448,2025-11-09 16:04:25,2025-11-09 16:04:26,1.41,12.73,28.47
7469,2025-11-09 16:04:27,2025-11-09 16:04:29,1.27,14.11,31.56
7510,2025-11-09 16:04:29,2025-11-09 16:04:30,1.08,16.61,37.16
7567,2025-11-09 16:04:34,2025-11-09 16:04:35,1.14,15.72,35.16
7579,2025-11-09 16:04:36,2025-11-09 16:04:37,1.5,12.0,26.84
8619,2025-11-09 16:06:12,2025-11-09 16:06:14,1.55,11.57,25.89
8659,2025-11-09 16:06:14,2025-11-09 16:06:16,1.69,10.66,23.85
8704,2025-11-09 16:06:18,2025-11-09 16:06:20,1.42,12.68,28.36
8718,2025-11-09 16:06:20,2025-11-09 16:06:21,1.35,13.34,29.83
8720,2025-11-09 16:06:21,2025-11-09 16:06:23,1.28,14.01,31.33
8730,2025-11-09 16:06:24,2025-11-09 16:06:25,1.01,17.73,39.66
8736,2025-11-09 16:06:25,2025-11-09 16:06:27,1.21,14.83,33.18
8754,2025-11-09 16:06:28,2025-11-09 16:06:30,1.02,17.69,39.56
8776,2025-11-09 16:06:30,2025-11-09 16:06:31,1.15,15.64,35.0
8944,2025-11-09 16:06:43,2025-11-09 16:06:44,0.68,26.61,59.52
8980,2025-11-09 16:06:46,2025-11-09 16:06:47,0.61,29.66,66.36
9019,2025-11-09 16:06:51,2025-11-09 16:06:51,0.54,33.36,74.62
10008,2025-11-09 16:08:00,2025-11-09 16:08:01,1.55,11.59,25.93
10222,2025-11-09 16:08:16,2025-11-09 16:08:18,2.12,8.47,18.94
10275,2025-11-09 16:08:19,2025-11-09 16:08:20,1.41,12.71,28.43
11271,2025-11-09 16:09:41,2025-11-09 16:09:43,2.09,8.59,19.22
11475,2025-11-09 16:10:09,2025-11-09 16:10:10,1.75,10.28,22.99
11493,2025-11-09 16:10:11,2025-11-09 16:10:12,1.42,12.63,28.26
11502,2025-11-09 16:10:12,2025-11-09 16:10:14,1.61,11.17,24.98
11520,2025-11-09 16:10:15,2025-11-09 16:10:16,1.01,17.75,39.71
11549,2025-11-09 16:10:19,2025-11-09 16:10:20,0.95,19.01,42.53
11562,2025-11-09 16:10:20,2025-11-09 16:10:22,1.28,14.06,31.45
11580,2025-11-09 16:10:24,2025-11-09 16:10:25,0.74,24.24,54.22
11592,2025-11-09 16:10:26,2025-11-09 16:10:27,1.08,16.72,37.4
11622,2025-11-09 16:10:28,2025-11-09 16:10:30,1.08,16.57,37.08
11649,2025-11-09 16:10:31,2025-11-09 16:10:33,1.34,13.41,30.01
11772,2025-11-09 16:10:43,2025-11-09 16:10:44,1.15,15.69,35.1
11866,2025-11-09 16:10:52,2025-11-09 16:10:53,0.67,26.97,60.33
12672,2025-11-09 16:12:13,2025-11-09 16:12:14,1.55,11.61,25.97
12699,2025-11-09 16:12:15,2025-11-09 16:12:17,2.35,7.66,17.13
12736,2025-11-09 16:12:18,2025-11-09 16:12:19,1.42,12.7,28.41
12765,2025-11-09 16:12:21,2025-11-09 16:12:21,0.74,24.22,54.17
12781,2025-11-09 16:12:23,2025-11-09 16:12:24,1.14,15.71,35.14
62,2025-11-09 22:16:51,2025-11-09 22:16:52,1.43,12.58,28.14
102,2025-11-10 07:47:36,2025-11-10 07:47:42,5.86,3.07,6.86
170,2025-11-10 07:47:44,2025-11-10 07:47:46,1.61,11.19,25.04
245,2025-11-10 07:47:51,2025-11-10 07:47:52,1.21,14.92,33.37
953,2025-11-10 07:49:06,2025-11-10 07:49:09,2.79,6.46,14.44
998,2025-11-10 07:49:10,2025-11-10 07:49:12,2.38,7.55,16.89
1031,2025-11-10 07:49:12,2025-11-10 07:49:14,1.98,9.07,20.29
1060,2025-11-10 07:49:15,2025-11-10 07:49:17,1.59,11.28,25.24
1077,2025-11-10 07:49:20,2025-11-10 07:49:21,1.89,9.5,21.25
1093,2025-11-10 07:49:23,2025-11-10 07:49:25,1.3,13.81,30.9
1142,2025-11-10 07:49:28,2025-11-10 07:49:30,2.21,8.12,18.17
1172,2025-11-10 07:49:30,2025-11-10 07:49:31,0.91,19.8,44.3
1201,2025-11-10 07:49:33,2025-11-10 07:49:34,1.61,11.14,24.92
390,2025-11-10 11:21:38,2025-11-10 11:21:41,2.7,6.65,14.88
830,2025-11-10 11:22:25,2025-11-10 11:22:27,2.71,6.64,14.84
841,2025-11-10 11:22:27,2025-11-10 11:22:30,2.32,7.74,17.32
848,2025-11-10 11:22:31,2025-11-10 11:22:32,1.73,10.41,23.29
861,2025-11-10 11:22:34,2025-11-10 11:22:36,1.44,12.5,27.97
928,2025-11-10 11:22:47,2025-11-10 11:22:48,1.26,14.32,32.04
974,2025-11-10 11:22:52,2025-11-10 11:22:53,1.26,14.28,31.94
1005,2025-11-10 11:22:54,2025-11-10 11:22:56,1.4,12.83,28.69
1294,2025-11-10 11:23:26,2025-11-10 11:23:29,2.88,6.24,13.96
1887,2025-11-10 11:24:28,2025-11-10 11:24:30,2.02,8.9,19.9
1909,2025-11-10 11:24:31,2025-11-10 11:24:33,1.61,11.2,25.04
1960,2025-11-10 11:24:38,2025-11-10 11:24:40,1.35,13.27,29.69
1982,2025-11-10 11:24:42,2025-11-10 11:24:44,1.64,10.94,24.48
2318,2025-11-10 11:25:47,2025-11-10 11:25:49,1.91,9.4,21.02
2688,2025-11-10 11:26:20,2025-11-10 11:26:22,2.03,8.85,19.8
2699,2025-11-10 11:26:23,2025-11-10 11:26:25,1.99,9.03,20.19
2713,2025-11-10 11:26:25,2025-11-10 11:26:28,2.12,8.49,18.99
2740,2025-11-10 11:26:29,2025-11-10 11:26:31,2.19,8.19,18.33
2763,2025-11-10 11:26:31,2025-11-10 11:26:33,2.54,7.08,15.84
2788,2025-11-10 11:26:34,2025-11-10 11:26:35,0.87,20.77,46.47
2789,2025-11-10 11:26:34,2025-11-10 11:26:41,6.13,2.93,6.56
3274,2025-11-10 11:27:29,2025-11-10 11:27:32,2.56,7.01,15.69
3862,2025-11-10 11:28:22,2025-11-10 11:28:24,1.99,9.05,20.23
3888,2025-11-10 11:28:24,2025-11-10 11:28:25,1.24,14.48,32.38
3914,2025-11-10 11:28:27,2025-11-10 11:28:29,1.76,10.22,22.86
3922,2025-11-10 11:28:29,2025-11-10 11:28:30,1.24,14.55,32.54
3947,2025-11-10 11:28:31,2025-11-10 11:28:33,1.88,9.59,21.44
3967,2025-11-10 11:28:35,2025-11-10 11:28:37,2.01,8.93,19.98
3985,2025-11-10 11:28:37,2025-11-10 11:28:39,2.23,8.08,18.06
3997,2025-11-10 11:28:40,2025-11-10 11:28:42,1.83,9.84,22.02
3924,2025-11-10 11:28:29,2025-11-10 11:29:27,57.69,0.31,0.7
4671,2025-11-10 11:30:01,2025-11-10 11:30:02,1.22,14.75,33.0
4760,2025-11-10 11:30:16,2025-11-10 11:30:18,2.16,8.33,18.63
4787,2025-11-10 11:30:19,2025-11-10 11:30:21,2.16,8.33,18.63
4828,2025-11-10 11:30:22,2025-11-10 11:30:24,1.7,10.57,23.63
4848,2025-11-10 11:30:25,2025-11-10 11:30:27,2.3,7.8,17.46
4870,2025-11-10 11:30:27,2025-11-10 11:30:29,1.91,9.43,21.1
4930,2025-11-10 11:30:33,2025-11-10 11:30:35,1.91,9.4,21.03
4957,2025-11-10 11:30:35,2025-11-10 11:30:37,2.0,8.98,20.09
5546,2025-11-10 11:31:34,2025-11-10 11:31:37,3.09,5.82,13.01
5601,2025-11-10 11:31:36,2025-11-10 11:31:40,3.54,5.08,11.36
31,2025-11-10 11:40:20,2025-11-10 11:40:23,2.42,7.42,16.6
61,2025-11-10 11:40:23,2025-11-10 11:40:25,2.31,7.78,17.41
93,2025-11-10 11:40:26,2025-11-10 11:40:28,2.23,8.06,18.03
107,2025-11-10 11:40:28,2025-11-10 11:40:31,2.87,6.27,14.03
1106,2025-11-10 11:42:16,2025-11-10 11:42:18,2.47,7.27,16.26
1131,2025-11-10 11:42:20,2025-11-10 11:42:22,2.49,7.23,16.18
1196,2025-11-10 11:42:26,2025-11-10 11:42:28,1.93,9.29,20.79
311,2025-11-10 14:20:14,2025-11-10 14:20:17,2.59,6.95,15.55
364,2025-11-10 14:20:18,2025-11-10 14:20:21,2.8,6.42,14.37
372,2025-11-10 14:20:21,2025-11-10 14:20:24,2.74,6.57,14.7
390,2025-11-10 14:20:24,2025-11-10 14:20:27,2.52,7.15,15.99
445,2025-11-10 14:20:30,2025-11-10 14:20:32,1.76,10.2,22.81
30,2025-11-10 14:32:22,2025-11-10 14:32:24,1.82,9.88,22.1
53,2025-11-10 14:32:25,2025-11-10 14:32:27,1.73,10.38,23.23
93,2025-11-10 14:32:28,2025-11-10 14:32:30,1.63,11.04,24.69
124,2025-11-10 14:32:32,2025-11-10 14:32:33,1.54,11.67,26.09
186,2025-11-10 14:32:35,2025-11-10 14:32:37,1.92,9.36,20.95
224,2025-11-10 14:32:39,2025-11-10 14:32:41,1.53,11.74,26.26
258,2025-11-10 14:32:43,2025-11-10 14:32:45,1.83,9.85,22.03
320,2025-11-10 14:32:48,2025-11-10 14:32:49,1.41,12.74,28.49
407,2025-11-10 14:32:52,2025-11-10 14:32:54,1.72,10.45,23.37
670,2025-11-10 14:33:27,2025-11-10 14:33:30,3.08,5.84,13.06
1112,2025-11-10 14:34:28,2025-11-10 14:34:30,2.25,7.98,17.85
1197,2025-11-10 14:34:37,2025-11-10 14:34:38,1.46,12.35,27.63
1219,2025-11-10 14:34:41,2025-11-10 14:34:43,1.74,10.34,23.13
1228,2025-11-10 14:34:43,2025-11-10 14:34:44,1.74,10.31,23.07
1236,2025-11-10 14:34:44,2025-11-10 14:34:46,1.63,11.01,24.62
1255,2025-11-10 14:34:48,2025-11-10 14:34:49,1.66,10.85,24.26
1287,2025-11-10 14:34:52,2025-11-10 14:34:53,1.15,15.66,35.04
2054,2025-11-10 14:36:20,2025-11-10 14:36:22,2.41,7.46,16.69
2062,2025-11-10 14:36:24,2025-11-10 14:36:27,2.59,6.94,15.52
2093,2025-11-10 14:36:29,2025-11-10 14:36:30,1.37,13.17,29.46
2141,2025-11-10 14:36:32,2025-11-10 14:36:34,1.71,10.5,23.49
2166,2025-11-10 14:36:34,2025-11-10 14:36:36,1.84,9.78,21.88
2210,2025-11-10 14:36:39,2025-11-10 14:36:41,1.53,11.79,26.37
2252,2025-11-10 14:36:43,2025-11-10 14:36:44,1.35,13.31,29.77
2319,2025-11-10 14:36:51,2025-11-10 14:36:52,1.69,10.61,23.74
2352,2025-11-10 14:36:54,2025-11-10 14:36:55,1.35,13.29,29.74
197,2025-11-10 15:16:49,2025-11-10 15:16:52,2.97,6.05,13.54
215,2025-11-10 15:18:08,2025-11-10 15:18:11,2.51,7.16,16.02
743,2025-11-10 15:18:55,2025-11-10 15:18:57,1.93,9.32,20.86
799,2025-11-10 15:19:00,2025-11-10 15:19:02,2.14,8.39,18.76
823,2025-11-10 15:19:03,2025-11-10 15:19:05,1.94,9.28,20.77
881,2025-11-10 15:19:08,2025-11-10 15:19:10,1.54,11.65,26.07
917,2025-11-10 15:19:12,2025-11-10 15:19:13,1.76,10.22,22.86
1096,2025-11-10 15:19:23,2025-11-10 15:19:25,1.8,9.96,22.29
1162,2025-11-10 15:19:27,2025-11-10 15:19:29,1.54,11.71,26.2
21,2025-11-10 19:33:34,2025-11-10 19:33:36,2.02,8.9,19.92
18,2025-11-10 19:44:03,2025-11-10 19:44:04,1.45,12.41,27.76
5,2025-11-10 19:49:02,2025-11-10 19:49:05,3.12,5.77,12.9
29,2025-11-11 15:16:32,2025-11-11 15:16:36,3.01,5.98,13.37
40,2025-11-11 15:16:36,2025-11-11 15:16:39,2.67,6.74,15.08
49,2025-11-11 15:16:37,2025-11-11 15:16:41,3.88,4.63,10.36
102,2025-11-11 15:16:46,2025-11-11 15:16:49,3.33,5.4,12.08
7,2025-11-11 21:32:30,2025-11-11 21:32:32,2.27,7.92,17.71
23,2025-11-11 21:32:39,2025-11-11 21:32:41,1.78,10.09,22.58
218,2025-11-11 22:12:21,2025-11-11 22:12:23,1.8,10.0,22.38
35,2025-11-12 07:20:35,2025-11-12 07:20:35,0.07,257.79,576.66
40,2025-11-12 07:20:40,2025-11-12 07:20:40,0.07,251.74,563.12
42,2025-11-12 07:20:43,2025-11-12 07:20:43,0.07,267.97,599.43
45,2025-11-12 07:20:44,2025-11-12 07:20:44,0.07,256.39,573.54
48,2025-11-12 07:20:47,2025-11-12 07:20:47,0.07,252.35,564.5
482,2025-11-12 07:50:49,2025-11-12 07:50:48,1.64,8.56,19.14
500,2025-11-12 07:50:52,2025-11-12 07:50:50,1.81,7.76,17.37
515,2025-11-12 07:50:55,2025-11-12 07:50:53,1.51,9.29,20.78
545,2025-11-12 07:51:01,2025-11-12 07:50:59,1.61,8.71,19.48
575,2025-11-12 07:51:04,2025-11-12 07:51:03,1.46,9.63,21.54
588,2025-11-12 07:51:08,2025-11-12 07:51:07,1.52,9.25,20.7
378,2025-11-12 07:54:08,2025-11-12 07:54:06,2.17,6.47,14.47
388,2025-11-12 07:54:10,2025-11-12 07:54:08,2.25,6.23,13.94
404,2025-11-12 07:54:13,2025-11-12 07:54:11,2.22,6.33,14.17
433,2025-11-12 07:54:17,2025-11-12 07:54:15,2.29,6.12,13.7
462,2025-11-12 07:54:19,2025-11-12 07:54:17,1.75,8.03,17.97
475,2025-11-12 07:54:22,2025-11-12 07:54:20,1.9,7.4,16.55
508,2025-11-12 07:54:25,2025-11-12 07:54:24,1.57,8.94,20.0
521,2025-11-12 07:54:28,2025-11-12 07:54:26,1.72,8.16,18.25
543,2025-11-12 07:54:31,2025-11-12 07:54:29,1.66,8.48,18.96
553,2025-11-12 07:54:34,2025-11-12 07:54:32,1.54,9.14,20.44
570,2025-11-12 07:55:26,2025-11-12 07:55:29,3.03,4.64,10.37
752,2025-11-12 07:55:31,2025-11-12 07:55:33,2.49,5.64,12.61
1008,2025-11-12 07:55:46,2025-11-12 07:55:44,2.05,6.84,15.3
1026,2025-11-12 07:55:50,2025-11-12 07:55:48,2.17,6.47,14.47
1054,2025-11-12 07:55:52,2025-11-12 07:55:51,1.44,9.77,21.86
1126,2025-11-12 07:55:57,2025-11-12 07:55:56,1.26,11.16,24.96
1161,2025-11-12 07:56:01,2025-11-12 07:55:59,2.16,6.51,14.57
1180,2025-11-12 07:56:03,2025-11-12 07:56:01,1.78,7.91,17.68
1202,2025-11-12 07:56:05,2025-11-12 07:56:03,1.49,9.4,21.03
1209,2025-11-12 07:56:09,2025-11-12 07:56:07,1.81,7.75,17.34
1965,2025-11-12 07:57:31,2025-11-12 07:57:29,1.9,7.4,16.55
2036,2025-11-12 07:57:38,2025-11-12 07:57:36,1.87,7.52,16.82
2054,2025-11-12 07:57:43,2025-11-12 07:57:42,1.42,9.9,22.14
2065,2025-11-12 07:57:45,2025-11-12 07:57:44,1.24,11.3,25.28
2114,2025-11-12 07:57:51,2025-11-12 07:57:49,1.59,8.8,19.69
396,2025-11-12 07:59:08,2025-11-12 07:59:07,1.73,20.25,45.3
438,2025-11-12 07:59:13,2025-11-12 07:59:12,1.31,26.74,59.82
469,2025-11-12 07:59:17,2025-11-12 07:59:16,1.63,21.48,48.05
515,2025-11-12 07:59:20,2025-11-12 07:59:18,1.51,23.14,51.76
531,2025-11-12 07:59:21,2025-11-12 07:59:20,1.53,22.94,51.32
586,2025-11-12 07:59:27,2025-11-12 07:59:25,1.53,22.98,51.4
626,2025-11-12 08:00:19,2025-11-12 08:00:21,2.04,17.17,38.42
1404,2025-11-12 08:00:48,2025-11-12 08:00:46,1.72,20.35,45.52
1418,2025-11-12 08:00:50,2025-11-12 08:00:49,1.54,22.8,50.99
1425,2025-11-12 08:00:53,2025-11-12 08:00:51,1.66,21.07,47.13
1431,2025-11-12 08:00:55,2025-11-12 08:00:54,1.5,23.4,52.35
1484,2025-11-12 08:01:00,2025-11-12 08:00:59,1.58,22.21,49.68
1538,2025-11-12 08:01:06,2025-11-12 08:01:04,2.14,16.34,36.55
1548,2025-11-12 08:01:08,2025-11-12 08:01:06,2.14,16.38,36.64
1564,2025-11-12 08:01:10,2025-11-12 08:01:08,2.09,16.77,37.52
1575,2025-11-12 08:01:12,2025-11-12 08:01:10,1.96,17.88,40.01
159,2025-11-12 08:02:24,2025-11-12 08:02:23,1.39,10.24,22.9
248,2025-11-12 08:02:30,2025-11-12 08:02:29,1.51,9.39,21.0
267,2025-11-12 08:02:32,2025-11-12 08:02:31,1.46,9.72,21.74
295,2025-11-12 08:02:35,2025-11-12 08:02:33,1.55,9.14,20.45
310,2025-11-12 08:02:37,2025-11-12 08:02:36,1.19,11.97,26.77
329,2025-11-12 08:02:39,2025-11-12 08:02:38,1.29,11.05,24.71
1184,2025-11-12 08:04:02,2025-11-12 08:04:01,1.6,8.89,19.9
1228,2025-11-12 08:04:04,2025-11-12 08:04:03,1.43,9.91,22.17
1257,2025-11-12 08:04:07,2025-11-12 08:04:06,1.48,9.59,21.45
1296,2025-11-12 08:04:09,2025-11-12 08:04:08,1.87,7.58,16.96
1514,2025-11-12 08:04:27,2025-11-12 08:04:26,1.38,10.32,23.09
1602,2025-11-12 08:04:35,2025-11-12 08:04:32,2.32,6.12,13.69
31,2025-11-12 08:07:45,2025-11-12 08:07:44,1.23,11.4,25.51
10,2025-11-12 11:33:18,2025-11-12 11:33:21,3.15,4.52,10.1
30,2025-11-12 11:33:21,2025-11-12 11:33:24,3.46,4.1,9.18
4,2025-11-12 11:33:24,2025-11-12 11:33:27,2.46,5.77,12.91
113,2025-11-12 11:33:45,2025-11-12 11:33:42,3.06,4.64,10.37
2,2025-11-12 11:49:06,2025-11-12 11:49:06,0.0,14210000.0,31786917.4
7,2025-11-12 11:49:06,2025-11-12 11:49:06,0.0,14210000.0,31786917.4
683,2025-11-12 11:49:56,2025-11-12 11:49:52,3.36,4.22,9.45
258,2025-11-12 11:49:23,2025-11-12 11:50:10,46.73,0.3,0.68
444,2025-11-12 11:50:08,2025-11-12 11:50:13,4.33,3.28,7.34
1336,2025-11-12 11:50:30,2025-11-12 11:50:33,3.22,4.41,9.86
1362,2025-11-12 11:50:32,2025-11-12 11:50:35,3.26,4.36,9.75
1476,2025-11-12 11:50:40,2025-11-12 11:50:43,2.58,5.5,12.31
1566,2025-11-12 11:50:56,2025-11-12 11:50:53,3.18,4.46,9.98
2173,2025-11-12 11:52:01,2025-11-12 11:51:57,4.15,3.43,7.66
2283,2025-11-12 11:52:06,2025-11-12 11:52:11,4.37,3.25,7.28
2331,2025-11-12 11:52:16,2025-11-12 11:52:20,4.33,3.28,7.34
2608,2025-11-12 11:52:37,2025-11-12 11:52:39,2.21,6.44,14.4
3221,2025-11-12 11:53:54,2025-11-12 11:53:51,3.58,3.97,8.88
3250,2025-11-12 11:53:59,2025-11-12 11:53:54,4.7,3.03,6.77
288,2025-11-12 15:06:53,2025-11-12 15:06:51,1.93,7.37,16.49
53,2025-11-12 15:08:58,2025-11-12 15:08:56,2.04,6.97,15.59
268,2025-11-12 15:09:15,2025-11-12 15:09:14,1.45,9.77,21.85
15,2025-11-12 15:08:56,2025-11-12 15:09:55,58.85,0.24,0.54
1118,2025-11-12 15:11:00,2025-11-12 15:10:58,1.62,8.77,19.63
1169,2025-11-13 09:06:45,2025-11-13 09:06:44,1.27,11.19,25.03
1812,2025-11-13 09:08:29,2025-11-13 09:08:27,1.36,10.44,23.35
80,2025-11-13 09:10:40,2025-11-13 09:10:40,0.0,14210000.0,31786917.4
2514,2025-11-13 09:10:42,2025-11-13 09:10:41,1.15,12.39,27.72
3108,2025-11-13 09:12:26,2025-11-13 09:12:25,1.48,9.63,21.53
3122,2025-11-13 09:12:31,2025-11-13 09:12:29,1.66,8.54,19.11
3133,2025-11-13 09:12:33,2025-11-13 09:12:31,1.84,7.74,17.31
3924,2025-11-13 09:14:20,2025-11-13 09:14:19,1.66,8.56,19.14
4031,2025-11-13 09:14:31,2025-11-13 09:14:29,1.06,13.41,30.0
4045,2025-11-13 09:14:33,2025-11-13 09:14:31,1.16,12.26,27.43
135,2025-11-13 12:07:36,2025-11-13 12:07:38,2.26,6.29,14.07
985,2025-11-13 12:09:18,2025-11-13 12:09:22,3.94,3.61,8.07
42,2025-11-13 19:11:04,2025-11-13 19:11:04,0.0,17210000.0,38497737.4
51,2025-11-13 19:11:12,2025-11-13 19:10:51,21.57,0.8,1.79
24,2025-11-13 21:06:10,2025-11-13 21:06:10,0.0,17210000.0,38497737.4
34,2025-11-13 21:06:24,2025-11-13 21:06:17,7.16,2.4,5.38
50,2025-11-13 22:18:23,2025-11-13 22:18:24,1.08,33.21,74.28
40,2025-11-14 09:44:31,2025-11-14 09:44:33,2.25,16.01,35.81
68,2025-11-14 09:44:41,2025-11-14 09:44:42,1.7,21.21,47.45
270,2025-11-14 09:47:23,2025-11-14 09:47:26,3.11,11.59,25.92
21,2025-11-14 09:54:11,2025-11-14 09:54:13,1.96,9.2,20.57
35,2025-11-14 09:54:13,2025-11-14 09:54:16,2.17,8.27,18.5
52,2025-11-14 09:54:17,2025-11-14 09:54:19,2.12,8.47,18.95
72,2025-11-14 09:54:22,2025-11-14 09:54:24,1.84,9.79,21.9
99,2025-11-14 09:54:29,2025-11-14 09:54:30,0.96,18.72,41.87
57,2025-11-14 09:58:21,2025-11-14 09:58:23,1.69,10.67,23.86
75,2025-11-14 09:58:25,2025-11-14 09:58:27,1.68,10.72,23.98
91,2025-11-14 09:58:28,2025-11-14 09:58:30,2.07,8.67,19.4
133,2025-11-14 09:58:32,2025-11-14 09:58:33,1.1,16.41,36.71
123,2025-11-14 09:58:31,2025-11-14 09:58:36,4.58,3.92,8.78
235,2025-11-14 09:58:54,2025-11-14 09:58:55,1.54,11.66,26.09
246,2025-11-14 09:58:56,2025-11-14 09:58:58,2.04,8.82,19.72
509,2025-11-14 09:59:45,2025-11-14 09:59:49,3.81,4.72,10.57
22,2025-11-14 15:15:48,2025-11-14 15:15:51,3.53,5.1,11.41
34,2025-11-14 15:15:50,2025-11-14 15:15:53,3.58,5.03,11.24
242,2025-11-14 15:16:46,2025-11-14 15:16:48,1.71,10.51,23.52
277,2025-11-14 15:16:54,2025-11-14 15:16:55,1.78,10.11,22.62
292,2025-11-14 15:16:58,2025-11-14 15:17:01,2.63,6.85,15.32
297,2025-11-14 15:17:00,2025-11-14 15:17:02,2.31,7.78,17.41
314,2025-11-14 15:17:02,2025-11-14 15:17:12,9.67,1.86,4.16
344,2025-11-14 15:17:14,2025-11-14 15:17:17,2.52,7.14,15.97
409,2025-11-14 15:17:41,2025-11-14 15:17:44,2.98,6.04,13.51
35,2025-11-14 15:23:41,2025-11-14 15:23:47,6.29,2.86,6.4
31,2025-11-14 15:29:13,2025-11-14 15:29:15,2.89,6.22,13.92
33,2025-11-14 15:29:17,2025-11-14 15:29:19,2.03,8.85,19.81
39,2025-11-14 15:29:20,2025-11-14 15:29:21,1.53,11.73,26.25
45,2025-11-14 15:30:35,2025-11-14 15:30:36,1.76,10.22,22.85
57,2025-11-14 15:30:37,2025-11-14 15:30:38,1.27,14.12,31.58
63,2025-11-14 15:30:41,2025-11-14 15:30:42,1.61,11.19,25.04
69,2025-11-14 15:30:43,2025-11-14 15:30:44,1.62,11.12,24.87
76,2025-11-14 15:30:46,2025-11-14 15:30:47,1.68,10.7,23.93
81,2025-11-14 15:30:49,2025-11-14 15:30:50,1.33,13.54,30.29
90,2025-11-14 15:30:54,2025-11-14 15:30:55,0.85,21.23,47.49
115,2025-11-14 15:31:01,2025-11-14 15:31:02,1.1,16.31,36.48
121,2025-11-14 15:31:04,2025-11-14 15:31:04,0.78,23.08,51.63
124,2025-11-14 15:31:05,2025-11-14 15:31:06,1.11,16.19,36.21
129,2025-11-14 15:31:08,2025-11-14 15:31:09,1.49,12.08,27.03
134,2025-11-14 15:31:12,2025-11-14 15:31:12,0.85,21.24,47.51
156,2025-11-14 15:31:17,2025-11-14 15:31:18,1.35,13.33,29.81
15,2025-11-14 15:33:04,2025-11-14 15:33:05,0.97,18.55,41.49
25,2025-11-14 15:33:07,2025-11-14 15:33:08,0.83,21.69,48.53
43,2025-11-14 15:33:12,2025-11-14 15:33:13,1.13,15.93,35.63
61,2025-11-14 15:33:18,2025-11-14 15:33:19,1.04,17.26,38.62
64,2025-11-14 15:33:19,2025-11-14 15:33:20,1.05,17.19,38.46
86,2025-11-14 15:33:28,2025-11-14 15:33:30,2.61,6.89,15.41
6,2025-11-14 15:40:44,2025-11-14 15:40:45,1.48,12.15,27.18
22,2025-11-14 15:40:50,2025-11-14 15:40:51,0.69,25.88,57.9
25,2025-11-14 15:40:52,2025-11-14 15:40:53,1.45,12.36,27.65
36,2025-11-14 15:40:54,2025-11-14 15:40:56,1.46,12.34,27.59
38,2025-11-14 15:40:56,2025-11-14 15:40:57,1.11,16.21,36.26
48,2025-11-14 15:41:00,2025-11-14 15:41:03,2.92,6.15,13.75
72,2025-11-14 15:41:01,2025-11-14 15:41:05,3.25,5.52,12.36
112,2025-11-14 15:41:16,2025-11-14 15:41:17,1.31,13.69,30.63
64,2025-11-14 23:57:41,2025-11-14 23:57:45,3.48,5.23,11.69
70,2025-11-14 23:57:46,2025-11-14 23:57:48,2.79,6.52,14.58
76,2025-11-14 23:57:51,2025-11-14 23:57:52,1.37,13.24,29.62
91,2025-11-14 23:57:57,2025-11-14 23:58:00,2.34,7.78,17.39
96,2025-11-14 23:58:03,2025-11-14 23:58:05,2.39,7.59,16.99
100,2025-11-14 23:58:07,2025-11-14 23:58:08,1.16,15.7,35.13
99,2025-11-14 23:58:07,2025-11-14 23:58:12,4.67,3.89,8.71
107,2025-11-14 23:58:14,2025-11-14 23:58:15,1.73,10.51,23.51
108,2025-11-14 23:58:17,2025-11-14 23:58:19,1.64,11.08,24.79
110,2025-11-14 23:58:20,2025-11-14 23:58:22,1.65,11.05,24.71
117,2025-11-14 23:58:29,2025-11-14 23:58:29,0.7,26.11,58.4
126,2025-11-14 23:58:52,2025-11-14 23:59:05,13.43,1.35,3.03
157,2025-11-14 23:59:20,2025-11-14 23:59:24,4.33,4.2,9.39
172,2025-11-14 23:59:28,2025-11-14 23:59:32,3.7,4.92,10.99
209,2025-11-15 00:00:00,2025-11-15 00:00:04,4.11,4.42,9.9
287,2025-11-15 00:00:53,2025-11-15 00:00:55,2.91,6.24,13.96
288,2025-11-15 00:00:56,2025-11-15 00:00:58,2.49,7.3,16.32
294,2025-11-15 00:01:02,2025-11-15 00:01:03,1.49,12.16,27.21
299,2025-11-15 00:01:04,2025-11-15 00:01:06,2.14,8.49,18.99
302,2025-11-15 00:01:07,2025-11-15 00:01:09,1.66,10.94,24.48
306,2025-11-15 00:01:11,2025-11-15 00:01:13,1.77,10.27,22.98
312,2025-11-15 00:01:15,2025-11-15 00:01:17,1.75,10.41,23.28
316,2025-11-15 00:01:20,2025-11-15 00:01:21,1.33,13.68,30.6
322,2025-11-15 00:01:25,2025-11-15 00:01:26,1.33,13.68,30.59
325,2025-11-15 00:01:28,2025-11-15 00:01:29,1.14,15.88,35.52
327,2025-11-15 00:01:31,2025-11-15 00:01:32,1.22,14.88,33.29
334,2025-11-15 00:01:37,2025-11-15 00:01:38,1.4,13.02,29.12
340,2025-11-15 00:01:41,2025-11-15 00:01:42,1.0,18.12,40.53
343,2025-11-15 00:01:45,2025-11-15 00:01:45,0.7,26.01,58.18
346,2025-11-15 00:01:49,2025-11-15 00:01:50,1.44,12.66,28.32
348,2025-11-15 00:01:52,2025-11-15 00:01:53,1.15,15.82,35.39
64,2025-11-15 00:37:27,2025-11-15 00:37:29,2.3,7.92,17.72
70,2025-11-15 00:37:30,2025-11-15 00:37:32,1.84,9.9,22.15
76,2025-11-15 00:37:33,2025-11-15 00:37:34,0.86,21.15,47.31
91,2025-11-15 00:37:37,2025-11-15 00:37:39,1.49,12.21,27.31
96,2025-11-15 00:37:41,2025-11-15 00:37:42,1.39,13.12,29.34
100,2025-11-15 00:37:43,2025-11-15 00:37:44,0.7,26.12,58.43
99,2025-11-15 00:37:43,2025-11-15 00:37:46,2.9,6.26,14.0
107,2025-11-15 00:37:47,2025-11-15 00:37:48,1.11,16.44,36.77
108,2025-11-15 00:37:49,2025-11-15 00:37:50,1.03,17.66,39.51
110,2025-11-15 00:37:51,2025-11-15 00:37:52,1.03,17.57,39.31
117,2025-11-15 00:37:57,2025-11-15 00:37:57,0.42,42.82,95.79
126,2025-11-15 00:38:12,2025-11-15 00:38:20,8.38,2.17,4.85
157,2025-11-15 00:38:29,2025-11-15 00:38:32,2.76,6.59,14.75
172,2025-11-15 00:38:34,2025-11-15 00:38:37,2.29,7.95,17.78
209,2025-11-15 00:38:54,2025-11-15 00:38:57,2.53,7.2,16.1
287,2025-11-15 00:39:27,2025-11-15 00:39:29,1.77,10.28,22.99
288,2025-11-15 00:39:29,2025-11-15 00:39:31,1.61,11.29,25.25
294,2025-11-15 00:39:33,2025-11-15 00:39:34,0.92,19.8,44.28
299,2025-11-15 00:39:34,2025-11-15 00:39:35,1.38,13.16,29.45
302,2025-11-15 00:39:36,2025-11-15 00:39:37,1.09,16.74,37.46
306,2025-11-15 00:39:39,2025-11-15 00:39:40,1.15,15.83,35.4
312,2025-11-15 00:39:42,2025-11-15 00:39:43,1.09,16.63,37.21
316,2025-11-15 00:39:45,2025-11-15 00:39:46,0.86,21.06,47.12
322,2025-11-15 00:39:48,2025-11-15 00:39:49,0.87,20.78,46.49
325,2025-11-15 00:39:50,2025-11-15 00:39:51,0.75,24.24,54.21
327,2025-11-15 00:39:52,2025-11-15 00:39:53,0.8,22.64,50.65
334,2025-11-15 00:39:56,2025-11-15 00:39:57,0.92,19.81,44.32
340,2025-11-15 00:39:58,2025-11-15 00:39:59,0.64,28.31,63.32
343,2025-11-15 00:40:01,2025-11-15 00:40:01,0.47,38.93,87.08
346,2025-11-15 00:40:04,2025-11-15 00:40:04,0.93,19.54,43.72
348,2025-11-15 00:40:06,2025-11-15 00:40:07,0.7,25.99,58.13
16,2025-11-15 10:30:23,2025-11-15 10:30:24,1.14,15.89,35.54
19,2025-11-15 10:30:26,2025-11-15 10:30:27,1.08,16.84,37.66
24,2025-11-15 10:30:28,2025-11-15 10:30:28,0.74,24.56,54.93
30,2025-11-15 10:30:31,2025-11-15 10:30:32,0.82,22.28,49.83
35,2025-11-15 10:30:41,2025-11-15 10:30:44,3.7,4.91,10.98
42,2025-11-15 10:30:47,2025-11-15 10:30:48,0.81,22.37,50.03
44,2025-11-15 10:30:50,2025-11-15 10:30:51,0.82,22.27,49.82
45,2025-11-15 10:30:53,2025-11-15 10:30:53,0.75,24.33,54.42
62,2025-11-15 10:31:08,2025-11-15 10:31:12,3.7,4.91,10.98
69,2025-11-15 10:31:13,2025-11-15 10:31:16,2.7,6.74,15.07
78,2025-11-15 10:31:17,2025-11-15 10:31:20,2.49,7.3,16.32
156,2025-11-15 10:32:17,2025-11-15 10:32:19,1.34,13.56,30.32
159,2025-11-15 10:32:21,2025-11-15 10:32:22,1.6,11.36,25.41
160,2025-11-15 10:32:24,2025-11-15 10:32:26,1.47,12.36,27.64
162,2025-11-15 10:32:26,2025-11-15 10:32:27,1.29,14.15,31.64
164,2025-11-15 10:32:28,2025-11-15 10:32:29,1.28,14.19,31.74
168,2025-11-15 10:32:30,2025-11-15 10:32:31,1.29,14.08,31.5
182,2025-11-15 10:32:39,2025-11-15 10:32:40,0.68,26.65,59.61
61,2025-11-15 10:34:16,2025-11-15 10:34:18,1.42,11.36,25.41
59,2025-11-15 10:34:16,2025-11-15 10:34:19,3.78,4.28,9.57
70,2025-11-15 10:34:21,2025-11-15 10:34:22,1.21,13.35,29.86
71,2025-11-15 10:34:23,2025-11-15 10:34:24,1.34,12.04,26.93
76,2025-11-15 10:34:25,2025-11-15 10:34:26,0.67,24.31,54.38
80,2025-11-15 10:34:27,2025-11-15 10:34:29,2.16,7.49,16.75
208,2025-11-15 10:36:11,2025-11-15 10:36:13,1.48,10.91,24.4
214,2025-11-15 10:36:18,2025-11-15 10:36:19,0.82,19.68,44.03
217,2025-11-15 10:36:20,2025-11-15 10:36:21,1.04,15.55,34.78
221,2025-11-15 10:36:22,2025-11-15 10:36:23,1.02,15.94,35.65
226,2025-11-15 10:36:24,2025-11-15 10:36:25,1.24,13.04,29.18
225,2025-11-15 10:36:26,2025-11-15 10:36:28,1.27,12.78,28.58
230,2025-11-15 10:36:28,2025-11-15 10:36:30,1.09,14.91,33.36
232,2025-11-15 10:36:30,2025-11-15 10:36:31,1.16,13.91,31.11
239,2025-11-15 10:36:35,2025-11-15 10:36:36,0.87,18.64,41.69
242,2025-11-15 10:36:37,2025-11-15 10:36:38,1.21,13.36,29.88
246,2025-11-15 10:36:39,2025-11-15 10:36:40,0.67,24.19,54.11
23,2025-11-15 10:37:14,2025-11-15 10:37:16,2.36,7.7,17.23
25,2025-11-15 10:37:15,2025-11-15 10:37:17,2.49,7.3,16.33
32,2025-11-15 10:37:18,2025-11-15 10:37:20,1.61,11.26,25.19
36,2025-11-15 10:37:21,2025-11-15 10:37:23,2.26,8.05,18.0
104,2025-11-15 10:38:12,2025-11-15 10:38:14,1.77,10.26,22.96
109,2025-11-15 10:38:15,2025-11-15 10:38:16,0.81,22.49,50.31
112,2025-11-15 10:38:17,2025-11-15 10:38:19,1.48,12.25,27.41
117,2025-11-15 10:38:19,2025-11-15 10:38:21,1.35,13.48,30.15
119,2025-11-15 10:38:21,2025-11-15 10:38:22,1.44,12.65,28.3
123,2025-11-15 10:38:24,2025-11-15 10:38:25,1.08,16.87,37.74
127,2025-11-15 10:38:26,2025-11-15 10:38:27,0.74,24.53,54.86
129,2025-11-15 10:38:28,2025-11-15 10:38:29,1.22,14.96,33.46
130,2025-11-15 10:38:30,2025-11-15 10:38:31,1.15,15.86,35.48
133,2025-11-15 10:38:33,2025-11-15 10:38:34,1.21,14.98,33.52
150,2025-11-15 10:38:41,2025-11-15 10:38:42,0.74,24.42,54.64
157,2025-11-15 10:38:47,2025-11-15 10:38:48,0.95,19.18,42.9
215,2025-11-15 10:39:16,2025-11-15 10:39:19,2.35,7.75,17.33
290,2025-11-15 10:40:11,2025-11-15 10:40:13,1.48,12.25,27.4
293,2025-11-15 10:40:14,2025-11-15 10:40:15,1.42,12.83,28.71
297,2025-11-15 10:40:16,2025-11-15 10:40:17,1.28,14.18,31.71
300,2025-11-15 10:40:18,2025-11-15 10:40:19,1.35,13.51,30.23
303,2025-11-15 10:40:20,2025-11-15 10:40:22,1.28,14.24,31.85
305,2025-11-15 10:40:23,2025-11-15 10:40:24,0.87,20.86,46.66
307,2025-11-15 10:40:25,2025-11-15 10:40:28,2.97,6.12,13.69
328,2025-11-15 10:40:40,2025-11-15 10:40:40,0.67,27.16,60.75
332,2025-11-15 10:40:46,2025-11-15 10:40:47,0.67,27.08,60.58
333,2025-11-15 10:40:47,2025-11-15 10:40:48,0.81,22.39,50.08
336,2025-11-15 10:40:50,2025-11-15 10:40:50,0.81,22.53,50.39
393,2025-11-15 10:41:48,2025-11-15 10:41:49,1.75,10.42,23.3
394,2025-11-15 10:41:51,2025-11-15 10:41:52,1.49,12.24,27.38
395,2025-11-15 10:41:53,2025-11-15 10:41:55,1.28,14.19,31.74
397,2025-11-15 10:41:56,2025-11-15 10:41:58,1.48,12.25,27.41
404,2025-11-15 10:42:02,2025-11-15 10:42:04,1.35,13.48,30.16
407,2025-11-15 10:42:04,2025-11-15 10:42:06,1.15,15.86,35.48
458,2025-11-15 10:42:51,2025-11-15 10:42:51,0.67,27.14,60.7
455,2025-11-15 10:42:47,2025-11-15 10:42:58,11.1,1.64,3.66
467,2025-11-15 10:42:56,2025-11-15 10:42:59,2.43,7.48,16.74
488,2025-11-15 10:43:05,2025-11-15 10:43:06,1.42,12.79,28.61
594,2025-11-15 10:44:13,2025-11-15 10:44:15,1.42,12.81,28.66
602,2025-11-15 10:44:16,2025-11-15 10:44:17,0.67,27.22,60.9
605,2025-11-15 10:44:19,2025-11-15 10:44:19,0.75,24.39,54.57
613,2025-11-15 10:44:22,2025-11-15 10:44:23,0.67,26.94,60.26
615,2025-11-15 10:44:24,2025-11-15 10:44:25,0.81,22.41,50.12
642,2025-11-15 10:44:35,2025-11-15 10:44:36,1.55,11.71,26.2
713,2025-11-15 10:45:23,2025-11-15 10:45:25,2.03,8.97,20.06
718,2025-11-15 10:45:25,2025-11-15 10:45:27,2.03,8.96,20.04
721,2025-11-15 10:45:27,2025-11-15 10:45:29,1.69,10.78,24.11
764,2025-11-15 10:46:13,2025-11-15 10:46:14,1.48,12.26,27.42
768,2025-11-15 10:46:15,2025-11-15 10:46:17,2.07,8.77,19.61
770,2025-11-15 10:46:18,2025-11-15 10:46:19,1.28,14.19,31.75
773,2025-11-15 10:46:21,2025-11-15 10:46:22,0.75,24.34,54.45
775,2025-11-15 10:46:23,2025-11-15 10:46:24,0.68,26.88,60.13
780,2025-11-15 10:46:28,2025-11-15 10:46:29,0.95,19.22,42.99
789,2025-11-15 10:46:32,2025-11-15 10:46:33,0.94,19.25,43.06
796,2025-11-15 10:46:39,2025-11-15 10:46:39,0.81,22.41,50.13
838,2025-11-15 10:47:12,2025-11-15 10:47:15,2.76,6.59,14.73
867,2025-11-15 10:47:27,2025-11-15 10:47:29,1.62,11.26,25.18
886,2025-11-15 10:47:36,2025-11-15 10:47:37,1.75,10.37,23.19
962,2025-11-15 10:48:16,2025-11-15 10:48:17,1.34,13.52,30.24
965,2025-11-15 10:48:18,2025-11-15 10:48:19,0.74,24.42,54.63
967,2025-11-15 10:48:19,2025-11-15 10:48:20,1.17,15.54,34.76
977,2025-11-15 10:48:26,2025-11-15 10:48:30,4.47,4.06,9.09
980,2025-11-15 10:48:32,2025-11-15 10:48:34,2.64,6.87,15.38
991,2025-11-15 10:48:35,2025-11-15 10:48:36,0.81,22.36,50.01
1029,2025-11-15 10:49:12,2025-11-15 10:49:13,1.14,15.89,35.54
1102,2025-11-15 10:50:09,2025-11-15 10:50:11,1.41,12.9,28.86
1109,2025-11-15 10:50:13,2025-11-15 10:50:14,0.81,22.47,50.26
1111,2025-11-15 10:50:14,2025-11-15 10:50:15,1.28,14.16,31.67
1113,2025-11-15 10:50:16,2025-11-15 10:50:17,1.2,15.14,33.86
1117,2025-11-15 10:50:18,2025-11-15 10:50:19,0.74,24.61,55.06
1121,2025-11-15 10:50:20,2025-11-15 10:50:21,0.61,29.91,66.91
1124,2025-11-15 10:50:22,2025-11-15 10:50:23,0.54,33.64,75.25
1137,2025-11-15 10:50:27,2025-11-15 10:50:28,0.94,19.3,43.18
1146,2025-11-15 10:50:38,2025-11-15 10:50:39,0.88,20.68,46.27
1147,2025-11-15 10:50:42,2025-11-15 10:50:43,1.14,15.95,35.68
1151,2025-11-15 10:50:49,2025-11-15 10:50:50,0.75,24.3,54.36
1199,2025-11-15 10:51:18,2025-11-15 10:51:21,2.81,6.46,14.45
1217,2025-11-15 10:51:28,2025-11-15 10:51:30,1.62,11.25,25.17
1218,2025-11-15 10:51:30,2025-11-15 10:51:32,1.48,12.29,27.5
1276,2025-11-15 10:52:13,2025-11-15 10:52:14,1.01,17.98,40.22
1279,2025-11-15 10:52:15,2025-11-15 10:52:16,1.01,18.0,40.27
1280,2025-11-15 10:52:17,2025-11-15 10:52:18,1.55,11.71,26.19
1281,2025-11-15 10:52:20,2025-11-15 10:52:21,1.08,16.83,37.66
1283,2025-11-15 10:52:22,2025-11-15 10:52:23,0.67,27.0,60.4
1287,2025-11-15 10:52:24,2025-11-15 10:52:29,4.94,3.68,8.24
1304,2025-11-15 10:52:36,2025-11-15 10:52:38,2.47,7.36,16.46
1311,2025-11-15 10:52:40,2025-11-15 10:52:41,0.88,20.75,46.41
1314,2025-11-15 10:52:44,2025-11-15 10:52:45,1.08,16.86,37.71
1320,2025-11-15 10:52:47,2025-11-15 10:52:47,0.67,27.04,60.48
1402,2025-11-15 10:54:08,2025-11-15 10:54:10,1.83,9.93,22.21
1401,2025-11-15 10:54:07,2025-11-15 10:54:12,4.26,4.27,9.55
1420,2025-11-15 10:54:14,2025-11-15 10:54:16,1.22,14.96,33.46
1424,2025-11-15 10:54:17,2025-11-15 10:54:22,5.4,3.37,7.53
1491,2025-11-15 10:54:58,2025-11-15 10:55:01,2.74,6.63,14.82
1506,2025-11-15 10:55:06,2025-11-15 10:55:08,1.79,10.14,22.68
1507,2025-11-15 10:55:07,2025-11-15 10:55:09,2.23,8.16,18.25
1508,2025-11-15 10:55:10,2025-11-15 10:55:12,2.23,8.15,18.23
12,2025-11-15 10:56:10,2025-11-15 10:56:11,1.36,13.33,29.82
13,2025-11-15 10:56:13,2025-11-15 10:56:13,0.94,19.3,43.18
23,2025-11-15 10:56:22,2025-11-15 10:56:23,1.14,15.89,35.56
25,2025-11-15 10:56:25,2025-11-15 10:56:26,0.94,19.3,43.17
30,2025-11-15 10:56:34,2025-11-15 10:56:35,0.81,22.52,50.38
34,2025-11-15 10:56:40,2025-11-15 10:56:44,3.76,4.84,10.83
43,2025-11-15 10:56:50,2025-11-15 10:56:51,0.87,20.81,46.54
55,2025-11-15 10:57:04,2025-11-15 10:57:06,2.03,8.97,20.06
107,2025-11-15 10:57:59,2025-11-15 10:58:00,0.75,24.35,54.46
110,2025-11-15 10:58:01,2025-11-15 10:58:02,1.19,15.22,34.04
117,2025-11-15 10:58:07,2025-11-15 10:58:08,0.74,24.57,54.97
121,2025-11-15 10:58:09,2025-11-15 10:58:10,1.0,18.13,40.56
128,2025-11-15 10:58:11,2025-11-15 10:58:12,0.82,22.31,49.9
135,2025-11-15 10:58:16,2025-11-15 10:58:16,0.6,30.11,67.36
131,2025-11-15 10:58:13,2025-11-15 10:58:18,4.92,3.69,8.26
137,2025-11-15 10:58:18,2025-11-15 10:58:20,1.99,9.12,20.41
153,2025-11-15 10:58:31,2025-11-15 10:58:32,0.82,22.27,49.81
152,2025-11-15 10:58:31,2025-11-15 10:58:35,3.49,5.21,11.67
157,2025-11-15 10:58:36,2025-11-15 10:58:37,0.61,29.91,66.91
160,2025-11-15 10:58:37,2025-11-15 10:58:38,0.6,30.22,67.61
156,2025-11-15 10:58:36,2025-11-15 10:58:41,4.85,3.75,8.38
166,2025-11-15 10:58:46,2025-11-15 10:58:47,1.03,17.59,39.36
250,2025-11-15 11:00:14,2025-11-15 11:00:15,0.88,20.75,46.41
252,2025-11-15 11:00:16,2025-11-15 11:00:18,1.35,13.49,30.19
253,2025-11-15 11:00:18,2025-11-15 11:00:19,0.88,20.6,46.09
257,2025-11-15 11:00:20,2025-11-15 11:00:21,0.8,22.62,50.6
258,2025-11-15 11:00:22,2025-11-15 11:00:23,0.86,21.05,47.08
261,2025-11-15 11:00:25,2025-11-15 11:00:26,0.81,22.55,50.44
262,2025-11-15 11:00:27,2025-11-15 11:00:29,2.22,8.18,18.3
276,2025-11-15 11:00:37,2025-11-15 11:00:37,0.54,33.52,74.98
2,2025-11-15 11:04:27,2025-11-15 11:04:28,0.75,24.4,54.58
13,2025-11-15 11:25:23,2025-11-15 11:25:27,4.58,3.97,8.87
56,2025-11-15 11:26:02,2025-11-15 11:26:03,1.08,16.87,37.73
64,2025-11-15 11:26:10,2025-11-15 11:26:13,3.01,6.04,13.51
74,2025-11-15 11:26:15,2025-11-15 11:26:16,0.94,19.34,43.25
85,2025-11-15 11:26:20,2025-11-15 11:26:24,3.51,5.17,11.57
